event_id,average_sentiment,average_investor_relevance,average_importance,average_novelty,average_expected_outcome,average_expected_surprise,matched_post_count
TSLA_001,0.2894535714285714,7.821428571428571,7.321428571428571,4.178571428571429,0.39285714285714285,2.7142857142857144,28
TSLA_002,0.23732777777777775,7.111111111111111,6.666666666666667,3.5,-0.3333333333333333,0.8888888888888888,18
TSLA_003,0.3068230769230769,7.230769230769231,6.423076923076923,3.9615384615384617,-0.6538461538461539,1.2692307692307692,26
TSLA_004,0.1772,7.777777777777778,6.888888888888889,3.577777777777778,-0.26666666666666666,3.533333333333333,45
TSLA_005,0.029274213836477988,4.90566037735849,4.80503144654088,4.018867924528302,0.1761006289308176,1.8427672955974843,159
TSLA_006,0.070472,4.96,5.16,3.8,0.28,1.52,25
TSLA_007,0.05073529411764705,6.794117647058823,6.5,4.5588235294117645,0.5294117647058824,1.1764705882352942,34
TSLA_008,0.03419555555555556,5.822222222222222,5.911111111111111,4.911111111111111,0.5555555555555556,2.6222222222222222,45
TSLA_009,0.029344000000000002,7.306666666666667,6.933333333333334,4.44,0.24,3.24,75
TSLA_010,0.03138571428571428,6.642857142857143,6.214285714285714,4.285714285714286,-0.07142857142857142,3.0,14
TSLA_011,-0.06429090909090908,7.090909090909091,6.454545454545454,4.340909090909091,-0.3181818181818182,2.6363636363636362,44
TSLA_012,0.18234313725490195,6.735294117647059,6.215686274509804,3.911764705882353,0.058823529411764705,1.9705882352941178,102
TSLA_013,0.2540117647058823,5.627450980392157,5.294117647058823,3.5098039215686274,0.1568627450980392,1.1176470588235294,51
TSLA_014,0.03543142857142857,6.914285714285715,6.171428571428572,4.228571428571429,-0.22857142857142856,2.085714285714286,35
TSLA_015,0.36755,9.0,9.0,2.0,0.0,0.0,2
TSLA_017,0.127025,8.0,8.0,5.75,0.0,1.75,4
TSLA_018,0.37232857142857145,6.714285714285714,7.0,4.285714285714286,0.2857142857142857,1.2857142857142858,7
TSLA_019,-0.05759230769230769,6.615384615384615,6.615384615384615,5.461538461538462,0.3076923076923077,3.0,13
TSLA_020,0.6648,9.0,8.666666666666666,6.333333333333333,0.6666666666666666,3.6666666666666665,3
TSLA_021,-0.3355909090909091,8.363636363636363,8.090909090909092,4.818181818181818,-1.0,1.9090909090909092,11
TSLA_022,0.02395454545454546,8.545454545454545,8.545454545454545,4.7272727272727275,-1.0,1.0,11
TSLA_023,0.07293999999999999,8.52,8.48,4.8,-1.2,2.24,25
