event_id,event_name,event_type,day_1_abnormal_return,day_3_abnormal_return,day_5_abnormal_return,day_1_absolute_abnormal_return,day_3_absolute_abnormal_return,day_5_absolute_abnormal_return,event_date,pre_event_5_day_abnormal_return,average_sentiment,average_investor_relevance,average_importance,average_novelty,average_expected_outcome,average_expected_surprise,matched_post_count
TSLA_001,Q4 2022 Earnings,Earnings,0.3378153973480957,22.26680527840305,18.8144241179812,0.3378153973480957,22.26680527840305,18.8144241179812,2023-01-25,8.81945074996695,0.2894535714285714,7.821428571428571,7.321428571428571,4.178571428571429,0.39285714285714285,2.7142857142857144,28.0
TSLA_002,Q1 2023 Earnings,Earnings,-2.001444528860952,-9.94825424817023,-10.863438126329903,2.001444528860952,9.94825424817023,10.863438126329903,2023-04-19,-2.4235730187798343,0.23732777777777775,7.111111111111111,6.666666666666667,3.5,-0.3333333333333333,0.8888888888888888,18.0
TSLA_003,Q4 2023 Earnings,Earnings,-0.7356933168922386,-12.905195336688724,-9.635181205566568,0.7356933168922386,12.905195336688724,9.635181205566568,2024-01-24,-6.988288912743402,0.3068230769230769,7.230769230769231,6.423076923076923,3.9615384615384617,-0.6538461538461539,1.2692307692307692,26.0
TSLA_004,Q1 2024 Earnings,Earnings,0.6647897251681911,19.04846502736457,34.53767040778306,0.6647897251681911,19.04846502736457,34.53767040778306,2024-04-23,-11.094787096443492,0.1772,7.777777777777778,6.888888888888889,3.577777777777778,-0.26666666666666666,3.533333333333333,45.0
TSLA_005,Cybertruck Unveiled,Product Launch,0.9019226973609684,-5.3452017298996175,-7.457915158442086,0.9019226973609684,5.3452017298996175,7.457915158442086,2019-11-21,1.2250964656163266,0.029274213836477988,4.90566037735849,4.80503144654088,4.018867924528302,0.1761006289308176,1.8427672955974843,159.0
TSLA_006,Model S Plaid Delivery Event,Product Launch,1.429010984487089,2.3019043838069297,0.9079800224447432,1.429010984487089,2.3019043838069297,0.9079800224447432,2021-06-10,-1.3617739524460548,0.070472,4.96,5.16,3.8,0.28,1.52,25.0
TSLA_007,Tesla Semi Delivery Event,Product Launch,0.0736051841202956,-4.307340236106838,-7.049593407373455,0.0736051841202956,4.307340236106838,7.049593407373455,2022-12-01,12.6445907498663,0.05073529411764705,6.794117647058823,6.5,4.5588235294117645,0.5294117647058824,1.1764705882352942,34.0
TSLA_008,Cybertruck Deliveries Begin,Product Launch,-2.056728926362472,-3.9637232061125127,-1.9867940731074565,2.056728926362472,3.9637232061125127,1.9867940731074565,2023-11-30,0.92328532878847,0.03419555555555556,5.822222222222222,5.911111111111111,4.911111111111111,0.5555555555555556,2.6222222222222222,45.0
TSLA_009,Global Vehicle Price Cuts,Pricing Strategy,-1.3267712856125713,5.602647264594108,8.25198256279246,1.3267712856125713,5.602647264594108,8.25198256279246,2023-01-13,7.347280437695237,0.029344000000000002,7.306666666666667,6.933333333333334,4.44,0.24,3.24,75.0
TSLA_010,Further US Price Cuts,Pricing Strategy,-0.3998384435898394,-2.163854787123831,-0.8315647632290757,0.3998384435898394,2.163854787123831,0.8315647632290757,2023-04-07,-6.59342057671758,0.03138571428571428,6.642857142857143,6.214285714285714,4.285714285714286,-0.07142857142857142,3.0,14.0
TSLA_011,Major Price Reductions Across Key Models,Pricing Strategy,-4.321123696815199,8.184981796737677,11.798451902062702,4.321123696815199,8.184981796737677,11.798451902062702,2024-04-20,-10.959633790846514,-0.06429090909090908,7.090909090909091,6.454545454545454,4.340909090909091,-0.3181818181818182,2.6363636363636362,44.0
TSLA_012,Battery Day,Technology Announcement,-6.617146455160605,-12.646202311843949,-8.481146928329242,6.617146455160605,12.646202311843949,8.481146928329242,2020-09-22,10.1025826198189,0.18234313725490195,6.735294117647059,6.215686274509804,3.911764705882353,0.058823529411764705,1.9705882352941178,102.0
TSLA_013,AI Day 2022,Technology Announcement,0.4427450715302483,-11.182480673320118,-14.08452875290176,0.4427450715302483,11.182480673320118,14.08452875290176,2022-09-30,-4.007573954722011,0.2540117647058823,5.627450980392157,5.294117647058823,3.5098039215686274,0.1568627450980392,1.1176470588235294,51.0
TSLA_014,"Robotaxi (""We, Robot"") Event",Technology Announcement,-0.7708576664826383,-10.325167150998729,-9.074921621842137,0.7708576664826383,10.325167150998729,9.074921621842137,2024-10-10,-4.656102995535782,0.03543142857142857,6.914285714285715,6.171428571428572,4.228571428571429,-0.22857142857142856,2.085714285714286,35.0
TSLA_015,5-for-1 Stock Split Announced,Corporate Action,-2.2889345767253544,13.894554575313569,28.703411430126312,2.2889345767253544,13.894554575313569,28.703411430126312,2020-08-11,-6.535497547114056,0.36755,9.0,9.0,2.0,0.0,0.0,2.0
TSLA_016,3-for-1 Stock Split Announced,Corporate Action,-6.46126460078118,-7.516539646477183,-8.5344938202638,6.46126460078118,7.516539646477183,8.5344938202638,2022-08-05,7.878286858862916,,,,,,,
TSLA_017,Shareholders Approve Elon Musk Pay Package,Corporate Action,2.72043179986532,4.664806137667732,1.3723171066229334,2.72043179986532,4.664806137667732,1.3723171066229334,2024-06-13,0.0573146509614819,0.127025,8.0,8.0,5.75,0.0,1.75,4.0
TSLA_018,Gigafactory Berlin Opens,Factory Expansion,0.5957745914279222,-5.199356162460966,-1.5177659153867484,0.5957745914279222,5.199356162460966,1.5177659153867484,2022-04-07,-1.7532924633168023,0.37232857142857145,6.714285714285714,7.0,4.285714285714286,0.2857142857142857,1.2857142857142858,7.0
TSLA_019,"Gigafactory Texas Opening (""Cyber Rodeo"")",Factory Expansion,-4.881339814727492,2.022510303946334,-8.25480109690796,4.881339814727492,2.022510303946334,8.25480109690796,2022-04-20,4.186952180474091,-0.05759230769230769,6.615384615384615,6.615384615384615,5.461538461538462,0.3076923076923077,3.0,13.0
TSLA_020,Mexico Gigafactory Announced,Factory Expansion,-1.045611042388006,-5.85127671677903,-9.25741832464001,1.045611042388006,5.85127671677903,9.25741832464001,2023-03-01,4.9346915300021,0.6648,9.0,8.666666666666666,6.333333333333333,0.6666666666666666,3.6666666666666665,3.0
TSLA_021,Touchscreen Recall (NHTSA),Recall,2.5130419611693267,-1.4351325797581582,-0.9841861106625104,2.5130419611693267,1.4351325797581582,0.9841861106625104,2021-02-02,-2.53087796396424,-0.3355909090909091,8.363636363636363,8.090909090909092,4.818181818181818,-1.0,1.9090909090909092,11.0
TSLA_022,FSD Beta Recall via Software Update,Recall,-4.317696557718964,-4.277581564638433,-2.4630075967606584,4.317696557718964,4.277581564638433,2.4630075967606584,2023-02-16,5.622611060479144,0.02395454545454546,8.545454545454545,8.545454545454545,4.7272727272727275,-1.0,1.0,11.0
TSLA_023,Autopilot Recall Affecting Over 2 Million Vehicles,Recall,-0.4170290038765012,5.4206052743444255,5.798085234279538,0.4170290038765012,5.4206052743444255,5.798085234279538,2023-12-13,-2.358905882898965,0.07293999999999999,8.52,8.48,4.8,-1.2,2.24,25.0
