event_id,post_id,subreddit,created_date,title,selftext,score,num_comments,url,search_query,text
TSLA_006,nx6kjg,teslainvestorsclub,2021-06-11 03:48:17,Tesla Model S Plaid Bingo,,2,2,https://i.redd.it/7y8wkush6k471.jpg,Tesla Model S Plaid,Tesla Model S Plaid Bingo
TSLA_006,nx7vns,teslainvestorsclub,2021-06-11 05:04:15,It appears that the Tesla Model S Plaid will indeed ship with a “forward radar”. Whether this is the case for future models is unseen but confirms at least the first few will have radar. (Could be disabled I would assume),,3,8,https://i.redd.it/dluat2s1kk471.jpg,Tesla Model S Plaid,It appears that the Tesla Model S Plaid will indeed ship with a “forward radar”. Whether this is the case for future models is unseen but confirms at least the first few will have radar. (Could be disabled I would assume)
TSLA_006,nx8a7s,teslainvestorsclub,2021-06-11 05:29:15,Tesla Model S Plaid First Ride,,42,22,https://youtu.be/2e54E28K-bs,Tesla Model S Plaid,Tesla Model S Plaid First Ride
TSLA_006,nxbppm,teslainvestorsclub,2021-06-11 09:20:50,Tesla Model S Plaid Delivery Event (Supercut),,36,10,https://www.youtube.com/watch?v=V9ZHs6gENGU,Tesla Model S Plaid,Tesla Model S Plaid Delivery Event (Supercut)
TSLA_006,nxfgdc,teslainvestorsclub,2021-06-11 13:01:37,Tesla Plaid Mode 0-60 MPH Launch Testing and detailed look at the all new Model S,,85,15,https://www.youtube.com/watch?v=S4KmRZ28hdw&t=993s,Tesla Model S Plaid,Tesla Plaid Mode 0-60 MPH Launch Testing and detailed look at the all new Model S
TSLA_006,nxmmzk,teslainvestorsclub,2021-06-11 18:21:30,Oppenheimer - Tesla analyst (Colin Rusch) on his key takeaways from the Model S Plaid debut,,12,8,https://www.cnbc.com/video/2021/06/11/model-s-plaid-tesla-key-takeaways.html,Tesla Model S Plaid,Oppenheimer - Tesla analyst (Colin Rusch) on his key takeaways from the Model S Plaid debut
TSLA_006,nxmqef,teslainvestorsclub,2021-06-11 18:25:40,Tesla is using a new 12v Lithium-ion battery in the Model S Plaid,,82,26,https://www.teslarati.com/tesla-model-s-plaid-12v-lithium-ion-battery/,Tesla Model S Plaid,Tesla is using a new 12v Lithium-ion battery in the Model S Plaid
TSLA_006,nxptpm,teslainvestorsclub,2021-06-11 20:47:23,Tesla Model S Plaid Launches,,1,0,https://focusinvesting.biz/tesla-model-s-plaid-launches/,Tesla Model S Plaid,Tesla Model S Plaid Launches
TSLA_006,nwbv3b,teslamotors,2021-06-10 01:37:13,"Tesla has increased the price of the Plaid Model S by $10,000 to $129,990.",,1789,530,https://twitter.com/sawyermerritt/status/1402801565870796801?s=21,Tesla Model S Plaid,"Tesla has increased the price of the Plaid Model S by $10,000 to $129,990."
TSLA_006,nwey87,teslamotors,2021-06-10 04:26:23,"Tesla to launch high-end Model S 'Plaid' to fend off Mercedes, Porsche",,0,32,https://www.reuters.com/business/autos-transportation/tesla-launch-high-end-model-s-plaid-fend-off-mercedes-porsche-2021-06-10/,Tesla Model S Plaid,"Tesla to launch high-end Model S 'Plaid' to fend off Mercedes, Porsche"
TSLA_006,nwiu8x,teslamotors,2021-06-10 08:50:26,"Tesla is about to raise the bar with new Model S Plaid, expect a few surprises",,64,114,https://electrek.co/2021/06/09/tesla-raise-bar-new-model-s-plaid-expect-surprises/,Tesla Model S Plaid,"Tesla is about to raise the bar with new Model S Plaid, expect a few surprises"
TSLA_006,nws8p1,teslamotors,2021-06-10 16:44:33,"Watch out, Porsche! Tesla's Model S 'Plaid' will come with sleek design & long driving range",,11,7,https://economictimes.indiatimes.com/magazines/panache/watch-out-porsche-teslas-model-s-plaid-will-come-with-sleek-design-long-driving-range/articleshow/83392054.cms,Tesla Model S Plaid,"Watch out, Porsche! Tesla's Model S 'Plaid' will come with sleek design & long driving range"
TSLA_006,nx5l7u,teslamotors,2021-06-11 02:54:00,Live From Tesla Fremont Model S Plaid Event Pre Show,,1,0,https://www.youtube.com/watch?v=t_x_fh9b8EA,Tesla Model S Plaid,Live From Tesla Fremont Model S Plaid Event Pre Show
TSLA_006,nx5ltd,teslamotors,2021-06-11 02:54:52,Live From Tesla Fremont Model S Plaid Event Pre Show (For some reason YouTube link got removed by Automod),,1,0,https://twitter.com/TesLatino/status/1403182022722347009,Tesla Model S Plaid,Live From Tesla Fremont Model S Plaid Event Pre Show (For some reason YouTube link got removed by Automod)
TSLA_006,nx6797,teslamotors,2021-06-11 03:27:35,"Tesla Model S ""Plaid"" Badging via @tesla_raj",,1,0,https://www.reddit.com/r/teslamotors/comments/nx6797/tesla_model_s_plaid_badging_via_tesla_raj/,Tesla Model S Plaid,"Tesla Model S ""Plaid"" Badging via @tesla_raj"
TSLA_006,nx69tw,teslamotors,2021-06-11 03:31:37,"Tesla Model S ""Plaid"" Badging",,1,0,https://i.redd.it/jycls3a93k471.jpg,Tesla Model S Plaid,"Tesla Model S ""Plaid"" Badging"
TSLA_006,nx6p6g,teslamotors,2021-06-11 03:55:36,Tesla Model S Plaid Delivery Event - Livestream,,1,0,https://www.youtube.com/watch?v=HwNIOwYZ62M,Tesla Model S Plaid,Tesla Model S Plaid Delivery Event - Livestream
TSLA_006,nxas8y,teslamotors,2021-06-11 08:16:58,Tesla Model S Plaid Performance Power Curve - Graph,,1,0,https://i.redd.it/lwqft4jfil471.jpg,Tesla Model S Plaid,Tesla Model S Plaid Performance Power Curve - Graph
TSLA_006,nxc6hi,teslamotors,2021-06-11 09:51:56,Tesla Model S Plaid Essentials [INSIDE LOOK],,1,0,https://www.youtube.com/watch?v=I3An0mVepEg,Tesla Model S Plaid,Tesla Model S Plaid Essentials [INSIDE LOOK]
TSLA_006,nxdt4m,teslamotors,2021-06-11 11:33:33,"Tesla Model S Plaid Launched at $129,990 - Top Speed, Drive Range, Pics",,1,0,https://www.carbikeindia.com/tesla-model-s-plaid-launched-price-top-speed-drive-range-features/,Tesla Model S Plaid,"Tesla Model S Plaid Launched at $129,990 - Top Speed, Drive Range, Pics"
TSLA_006,nxfoip,teslamotors,2021-06-11 13:12:57,TeslaRaj: Tesla Model S Plaid - Initial Thoughts,,37,82,https://youtu.be/krq7FfC8rBY,Tesla Model S Plaid,TeslaRaj: Tesla Model S Plaid - Initial Thoughts
TSLA_006,nxjpnq,teslamotors,2021-06-11 16:14:01,"Plaid Model S first ride, Tesla Raj",,1,0,https://youtu.be/2e54E28K-bs,Tesla Model S Plaid,"Plaid Model S first ride, Tesla Raj"
TSLA_006,nxkfyy,teslamotors,2021-06-11 16:45:33,Watch the Tesla Model S Plaid accelerate in 1.99s (test drive videos),,1,0,https://www.teslaoracle.com/2021/06/11/watch-the-tesla-model-s-plaid-accelerate-in-1-99s-test-drive-videos/,Tesla Model S Plaid,Watch the Tesla Model S Plaid accelerate in 1.99s (test drive videos)
TSLA_006,nxoerk,teslamotors,2021-06-11 19:42:54,Tesla (horse)power question.,"I was just looking at the numbers for the new Plaid model and was wondering ***where*** Tesla takes their horsepower values at (weird that they use horsepower primarily, by the way, and not kilowatts, but I digress), because upon looking at some other models and dyno pulls at the wheels, the advertised numbers are really close to the wheel numbers or even over them. Even in EVs with single ratios, there's inescapable frictional losses through the gears (presumably helical for road cars), wheel bearings and whatnot.

Are they measuring output shaft power ***after*** the gearbox, or at the hubs or something, or am I missing something? They seem to like to quote wheel torque numbers because they look more impressive, so is it the hubs? 

I'm far from a Tesla expert, but was curious. I welcome your collective Tesla nerdary here. Thanks!",2,2,https://www.reddit.com/r/teslamotors/comments/nxoerk/tesla_horsepower_question/,Tesla Model S Plaid,"Tesla (horse)power question. I was just looking at the numbers for the new Plaid model and was wondering ***where*** Tesla takes their horsepower values at (weird that they use horsepower primarily, by the way, and not kilowatts, but I digress), because upon looking at some other models and dyno pulls at the wheels, the advertised numbers are really close to the wheel numbers or even over them. Even in EVs with single ratios, there's inescapable frictional losses through the gears (presumably helical for road cars), wheel bearings and whatnot.

Are they measuring output shaft power ***after*** the gearbox, or at the hubs or something, or am I missing something? They seem to like to quote wheel torque numbers because they look more impressive, so is it the hubs? 

I'm far from a Tesla expert, but was curious. I welcome your collective Tesla nerdary here. Thanks!"
TSLA_006,nxotfp,teslamotors,2021-06-11 20:01:09,Tesla is using a new 12v Lithium-ion battery in the Model S Plaid,,187,69,https://www.teslarati.com/tesla-model-s-plaid-12v-lithium-ion-battery/,Tesla Model S Plaid,Tesla is using a new 12v Lithium-ion battery in the Model S Plaid
